referring_domain,referring_url,target_url,anchor_text,domain_rating,first_seen,link_type
iowamanufacturingtoday.com,/2026/04/prairie-ridge-launches-5-axis-cnc/,https://prairieridgemfg.com/blog/5-axis-cnc-launch,5-axis CNC launch,64,2026-04-08,follow
agequipmentpro.com,/iowa-suppliers/,https://prairieridgemfg.com/,Prairie Ridge Manufacturing,51,2026-04-14,follow
cedarrapids-economic.org/directory,/manufacturing/,https://prairieridgemfg.com/,Prairie Ridge Manufacturing - Cedar Rapids,47,2026-04-19,follow
engineeringblog.io,/case-studies/iowa-fabrication/,https://prairieridgemfg.com/case-studies/iowa-ag-oem-bracket-program,Iowa ag-OEM bracket program,42,2026-04-22,follow
contractorhub.com,/profiles/prairie-ridge-mfg/,https://prairieridgemfg.com/,Prairie Ridge Manufacturing,38,2026-04-09,follow
iowa-mep.org,/partners/,https://prairieridgemfg.com/,Prairie Ridge Manufacturing,52,2026-04-12,follow
welderz.com,/forums/best-fabricators/,https://prairieridgemfg.com/capabilities/welding,Prairie Ridge welding services,28,2026-04-16,nofollow
foodprocessingmagazine.com,/case-studies/cedar-rapids/,https://prairieridgemfg.com/case-studies/cedar-rapids-food-processor,Cedar Rapids stainless guards,55,2026-04-18,follow
machinedesign.com,/blog/dfm-checklists/,https://prairieridgemfg.com/resources/dfm-checklist,DFM Checklist for Ag-Equipment,72,2026-04-20,follow
metalfabricationtoday.com,/news/prairie-ridge-5-axis/,https://prairieridgemfg.com/blog/5-axis-cnc-launch,Prairie Ridge launches 5-axis,48,2026-04-21,follow
isodirectory.com,/9001-2015/iowa/,https://prairieridgemfg.com/about/certifications,Prairie Ridge Manufacturing ISO,35,2026-04-23,follow
iowaeconomicalliance.org,/companies/,https://prairieridgemfg.com/,Prairie Ridge Manufacturing,49,2026-04-25,follow
agbiztech.com,/suppliers/iowa/,https://prairieridgemfg.com/industries/agriculture,Iowa agriculture equipment fabricator,38,2026-04-27,follow
linkedin.com/company/prairie-ridge-manufacturing,/posts/5-axis-launch/,https://prairieridgemfg.com/blog/5-axis-cnc-launch,View on Prairie Ridge,98,2026-04-09,nofollow
twitter.com/iowabusinessnews,/status/2026-04-launch/,https://prairieridgemfg.com/blog/5-axis-cnc-launch,Prairie Ridge,98,2026-04-10,nofollow
youtube.com/iowamanufacturing,/watch?v=cell-tour,https://prairieridgemfg.com/capabilities/cnc-machining,Prairie Ridge 5-axis cell tour,99,2026-04-11,nofollow
